WarehouseID,WarehouseName,WarehouseAddress,RegionID
101,Southlake Texas,2014 Jabberwocky Rd,1
102,Southlake Texas,2014 Jabberwocky Rd,2
103,Southlake Texas,2014 Jabberwocky Rd,3
104,Southlake Texas,2014 Jabberwocky Rd,4
105,Southlake Texas,2014 Jabberwocky Rd,5
106,Southlake Texas,2014 Jabberwocky Rd,6
107,Southlake Texas,2014 Jabberwocky Rd,7
108,Southlake Texas,2014 Jabberwocky Rd,8
109,Southlake Texas,2014 Jabberwocky Rd,9
110,Southlake Texas,2014 Jabberwocky Rd,10
111,Southlake Texas,2014 Jabberwocky Rd,11
112,Southlake Texas,2014 Jabberwocky Rd,12
113,Southlake Texas,2014 Jabberwocky Rd,13
114,Southlake Texas,2014 Jabberwocky Rd,14
115,Southlake Texas,2014 Jabberwocky Rd,15
116,Southlake Texas,2014 Jabberwocky Rd,16
117,Southlake Texas,2014 Jabberwocky Rd,17
118,Southlake Texas,2014 Jabberwocky Rd,18
119,Southlake Texas,2014 Jabberwocky Rd,19
120,Southlake Texas,2014 Jabberwocky Rd,20
121,Southlake Texas,2014 Jabberwocky Rd,21
122,Southlake Texas,2014 Jabberwocky Rd,22
123,Southlake Texas,2014 Jabberwocky Rd,23
124,Southlake Texas,2014 Jabberwocky Rd,24
125,Southlake Texas,2014 Jabberwocky Rd,25
126,Southlake Texas,2014 Jabberwocky Rd,26
127,Southlake Texas,2014 Jabberwocky Rd,27
128,Southlake Texas,2014 Jabberwocky Rd,28
129,Southlake Texas,2014 Jabberwocky Rd,29
130,Southlake Texas,2014 Jabberwocky Rd,30
131,Southlake Texas,2014 Jabberwocky Rd,31
132,Southlake Texas,2014 Jabberwocky Rd,32
133,Southlake Texas,2014 Jabberwocky Rd,33
134,Southlake Texas,2014 Jabberwocky Rd,34
135,Southlake Texas,2014 Jabberwocky Rd,35
136,Southlake Texas,2014 Jabberwocky Rd,36
137,Southlake Texas,2014 Jabberwocky Rd,37
138,Southlake Texas,2014 Jabberwocky Rd,38
139,Southlake Texas,2014 Jabberwocky Rd,39
140,Southlake Texas,2014 Jabberwocky Rd,40
141,Southlake Texas,2014 Jabberwocky Rd,41
142,Southlake Texas,2014 Jabberwocky Rd,42
143,Southlake Texas,2014 Jabberwocky Rd,43
144,Southlake Texas,2014 Jabberwocky Rd,44
145,San Francisco,2011 Interiors Blvd,45
146,San Francisco,2011 Interiors Blvd,46
147,San Francisco,2011 Interiors Blvd,47
148,San Francisco,2011 Interiors Blvd,48
149,San Francisco,2011 Interiors Blvd,49
150,San Francisco,2011 Interiors Blvd,50
151,San Francisco,2011 Interiors Blvd,51
152,San Francisco,2011 Interiors Blvd,52
153,San Francisco,2011 Interiors Blvd,53
154,San Francisco,2011 Interiors Blvd,54
155,San Francisco,2011 Interiors Blvd,55
156,San Francisco,2011 Interiors Blvd,56
157,San Francisco,2011 Interiors Blvd,57
158,San Francisco,2011 Interiors Blvd,58
159,San Francisco,2011 Interiors Blvd,59
160,San Francisco,2011 Interiors Blvd,60
161,San Francisco,2011 Interiors Blvd,61
162,San Francisco,2011 Interiors Blvd,62
163,San Francisco,2011 Interiors Blvd,63
164,San Francisco,2011 Interiors Blvd,64
165,San Francisco,2011 Interiors Blvd,65
166,San Francisco,2011 Interiors Blvd,66
167,San Francisco,2011 Interiors Blvd,67
168,San Francisco,2011 Interiors Blvd,68
169,San Francisco,2011 Interiors Blvd,69
170,San Francisco,2011 Interiors Blvd,70
171,San Francisco,2011 Interiors Blvd,71
172,San Francisco,2011 Interiors Blvd,72
173,San Francisco,2011 Interiors Blvd,73
174,San Francisco,2011 Interiors Blvd,74
175,San Francisco,2011 Interiors Blvd,75
176,San Francisco,2011 Interiors Blvd,76
177,San Francisco,2011 Interiors Blvd,77
178,San Francisco,2011 Interiors Blvd,78
179,San Francisco,2011 Interiors Blvd,79
180,San Francisco,2011 Interiors Blvd,80
181,San Francisco,2011 Interiors Blvd,81
182,San Francisco,2011 Interiors Blvd,82
183,San Francisco,2011 Interiors Blvd,83
184,San Francisco,2011 Interiors Blvd,84
185,San Francisco,2011 Interiors Blvd,85
186,San Francisco,2011 Interiors Blvd,86
187,San Francisco,2011 Interiors Blvd,87
188,San Francisco,2011 Interiors Blvd,88
189,New Jersy,2007 Zagora St,89
190,New Jersy,2007 Zagora St,90
191,New Jersy,2007 Zagora St,91
192,New Jersy,2007 Zagora St,92
193,New Jersy,2007 Zagora St,93
194,New Jersy,2007 Zagora St,94
195,New Jersy,2007 Zagora St,95
196,New Jersy,2007 Zagora St,96
197,New Jersy,2007 Zagora St,97
198,New Jersy,2007 Zagora St,98
199,New Jersy,2007 Zagora St,99
200,New Jersy,2007 Zagora St,100
201,New Jersy,2007 Zagora St,101
202,New Jersy,2007 Zagora St,102
203,New Jersy,2007 Zagora St,103
204,New Jersy,2007 Zagora St,104
205,New Jersy,2007 Zagora St,105
206,New Jersy,2007 Zagora St,106
207,New Jersy,2007 Zagora St,107
208,New Jersy,2007 Zagora St,108
209,New Jersy,2007 Zagora St,109
210,New Jersy,2007 Zagora St,110
211,New Jersy,2007 Zagora St,111
212,New Jersy,2007 Zagora St,112
213,New Jersy,2007 Zagora St,113
214,New Jersy,2007 Zagora St,114
215,New Jersy,2007 Zagora St,115
216,New Jersy,2007 Zagora St,116
217,New Jersy,2007 Zagora St,117
218,New Jersy,2007 Zagora St,118
219,New Jersy,2007 Zagora St,119
220,New Jersy,2007 Zagora St,120
221,New Jersy,2007 Zagora St,121
222,New Jersy,2007 Zagora St,122
223,New Jersy,2007 Zagora St,123
224,New Jersy,2007 Zagora St,124
225,New Jersy,2007 Zagora St,125
226,New Jersy,2007 Zagora St,126
227,New Jersy,2007 Zagora St,127
228,New Jersy,2007 Zagora St,128
229,New Jersy,2007 Zagora St,129
230,New Jersy,2007 Zagora St,130
231,New Jersy,2007 Zagora St,131
232,New Jersy,2007 Zagora St,132
233,New Jersy,2007 Zagora St,133
234,Seattle Washington,2004 Charade Rd,134
235,Seattle Washington,2004 Charade Rd,135
236,Seattle Washington,2004 Charade Rd,136
237,Seattle Washington,2004 Charade Rd,137
238,Seattle Washington,2004 Charade Rd,138
239,Seattle Washington,2004 Charade Rd,139
240,Seattle Washington,2004 Charade Rd,140
241,Seattle Washington,2004 Charade Rd,141
242,Seattle Washington,2004 Charade Rd,142
243,Seattle Washington,2004 Charade Rd,143
244,Seattle Washington,2004 Charade Rd,144
245,Seattle Washington,2004 Charade Rd,145
246,Seattle Washington,2004 Charade Rd,146
247,Seattle Washington,2004 Charade Rd,147
248,Seattle Washington,2004 Charade Rd,148
249,Seattle Washington,2004 Charade Rd,149
250,Seattle Washington,2004 Charade Rd,150
251,Seattle Washington,2004 Charade Rd,151
252,Seattle Washington,2004 Charade Rd,152
253,Seattle Washington,2004 Charade Rd,153
254,Seattle Washington,2004 Charade Rd,154
255,Seattle Washington,2004 Charade Rd,155
256,Seattle Washington,2004 Charade Rd,156
257,Seattle Washington,2004 Charade Rd,157
258,Seattle Washington,2004 Charade Rd,158
259,Seattle Washington,2004 Charade Rd,159
260,Seattle Washington,2004 Charade Rd,160
261,Seattle Washington,2004 Charade Rd,161
262,Seattle Washington,2004 Charade Rd,162
263,Seattle Washington,2004 Charade Rd,163
264,Seattle Washington,2004 Charade Rd,164
265,Seattle Washington,2004 Charade Rd,165
266,Seattle Washington,2004 Charade Rd,166
267,Seattle Washington,2004 Charade Rd,167
268,Seattle Washington,2004 Charade Rd,168
269,Seattle Washington,2004 Charade Rd,169
270,Seattle Washington,2004 Charade Rd,170
271,Seattle Washington,2004 Charade Rd,171
272,Seattle Washington,2004 Charade Rd,172
273,Seattle Washington,2004 Charade Rd,173
274,Seattle Washington,2004 Charade Rd,174
275,Seattle Washington,2004 Charade Rd,175
276,Seattle Washington,2004 Charade Rd,176
277,Seattle Washington,2004 Charade Rd,177
278,Seattle Washington,2004 Charade Rd,178
279,Toronto,147 Spadina Ave,179
280,Toronto,147 Spadina Ave,180
281,Toronto,147 Spadina Ave,181
282,Toronto,147 Spadina Ave,182
283,Toronto,147 Spadina Ave,183
284,Toronto,147 Spadina Ave,184
285,Toronto,147 Spadina Ave,185
286,Toronto,147 Spadina Ave,186
287,Toronto,147 Spadina Ave,187
288,Toronto,147 Spadina Ave,188
289,Toronto,147 Spadina Ave,189
290,Toronto,147 Spadina Ave,190
291,Toronto,147 Spadina Ave,191
292,Toronto,147 Spadina Ave,192
293,Toronto,147 Spadina Ave,193
294,Toronto,147 Spadina Ave,194
295,Toronto,147 Spadina Ave,195
296,Toronto,147 Spadina Ave,196
297,Toronto,147 Spadina Ave,197
298,Toronto,147 Spadina Ave,198
299,Toronto,147 Spadina Ave,199
300,Toronto,147 Spadina Ave,200
301,Toronto,147 Spadina Ave,201
302,Toronto,147 Spadina Ave,202
303,Toronto,147 Spadina Ave,203
304,Toronto,147 Spadina Ave,204
305,Toronto,147 Spadina Ave,205
306,Toronto,147 Spadina Ave,206
307,Toronto,147 Spadina Ave,207
308,Toronto,147 Spadina Ave,208
309,Toronto,147 Spadina Ave,209
310,Toronto,147 Spadina Ave,210
311,Toronto,147 Spadina Ave,211
312,Toronto,147 Spadina Ave,212
313,Toronto,147 Spadina Ave,213
314,Toronto,147 Spadina Ave,214
315,Toronto,147 Spadina Ave,215
316,Toronto,147 Spadina Ave,216
317,Toronto,147 Spadina Ave,217
318,Toronto,147 Spadina Ave,218
319,Toronto,147 Spadina Ave,219
320,Toronto,147 Spadina Ave,220
321,Toronto,147 Spadina Ave,221
322,Toronto,147 Spadina Ave,222
323,Sydney,12-98 Victoria Street,223
324,Sydney,12-98 Victoria Street,224
325,Sydney,12-98 Victoria Street,225
326,Sydney,12-98 Victoria Street,226
327,Sydney,12-98 Victoria Street,227
328,Sydney,12-98 Victoria Street,228
329,Sydney,12-98 Victoria Street,229
330,Sydney,12-98 Victoria Street,230
331,Sydney,12-98 Victoria Street,231
332,Sydney,12-98 Victoria Street,232
333,Sydney,12-98 Victoria Street,233
334,Sydney,12-98 Victoria Street,234
335,Sydney,12-98 Victoria Street,235
336,Sydney,12-98 Victoria Street,236
337,Sydney,12-98 Victoria Street,237
338,Sydney,12-98 Victoria Street,238
339,Sydney,12-98 Victoria Street,239
340,Sydney,12-98 Victoria Street,240
341,Sydney,12-98 Victoria Street,241
342,Sydney,12-98 Victoria Street,242
343,Sydney,12-98 Victoria Street,243
344,Sydney,12-98 Victoria Street,244
345,Sydney,12-98 Victoria Street,245
346,Sydney,12-98 Victoria Street,246
347,Sydney,12-98 Victoria Street,247
348,Sydney,12-98 Victoria Street,248
349,Sydney,12-98 Victoria Street,249
350,Sydney,12-98 Victoria Street,250
351,Sydney,12-98 Victoria Street,251
352,Sydney,12-98 Victoria Street,252
353,Sydney,12-98 Victoria Street,253
354,Sydney,12-98 Victoria Street,254
355,Sydney,12-98 Victoria Street,255
356,Sydney,12-98 Victoria Street,256
357,Sydney,12-98 Victoria Street,257
358,Sydney,12-98 Victoria Street,258
359,Sydney,12-98 Victoria Street,259
360,Sydney,12-98 Victoria Street,260
361,Sydney,12-98 Victoria Street,261
362,Sydney,12-98 Victoria Street,262
363,Sydney,12-98 Victoria Street,263
364,Sydney,12-98 Victoria Street,264
365,Sydney,12-98 Victoria Street,265
366,Sydney,12-98 Victoria Street,266
367,Sydney,12-98 Victoria Street,267
368,Mexico City,Mariano Escobedo 9991,268
369,Mexico City,Mariano Escobedo 9991,269
370,Mexico City,Mariano Escobedo 9991,270
371,Mexico City,Mariano Escobedo 9991,271
372,Mexico City,Mariano Escobedo 9991,272
373,Mexico City,Mariano Escobedo 9991,273
374,Mexico City,Mariano Escobedo 9991,274
375,Mexico City,Mariano Escobedo 9991,275
376,Mexico City,Mariano Escobedo 9991,276
377,Mexico City,Mariano Escobedo 9991,277
378,Mexico City,Mariano Escobedo 9991,278
379,Mexico City,Mariano Escobedo 9991,279
380,Mexico City,Mariano Escobedo 9991,280
381,Mexico City,Mariano Escobedo 9991,281
382,Mexico City,Mariano Escobedo 9991,282
383,Mexico City,Mariano Escobedo 9991,283
384,Mexico City,Mariano Escobedo 9991,284
385,Mexico City,Mariano Escobedo 9991,285
386,Mexico City,Mariano Escobedo 9991,286
387,Mexico City,Mariano Escobedo 9991,287
388,Mexico City,Mariano Escobedo 9991,288
389,Mexico City,Mariano Escobedo 9991,289
390,Mexico City,Mariano Escobedo 9991,290
391,Mexico City,Mariano Escobedo 9991,291
392,Mexico City,Mariano Escobedo 9991,292
393,Mexico City,Mariano Escobedo 9991,293
394,Mexico City,Mariano Escobedo 9991,294
395,Mexico City,Mariano Escobedo 9991,295
396,Mexico City,Mariano Escobedo 9991,296
397,Mexico City,Mariano Escobedo 9991,297
398,Mexico City,Mariano Escobedo 9991,298
399,Mexico City,Mariano Escobedo 9991,299
400,Mexico City,Mariano Escobedo 9991,300
401,Mexico City,Mariano Escobedo 9991,301
402,Mexico City,Mariano Escobedo 9991,302
403,Mexico City,Mariano Escobedo 9991,303
404,Mexico City,Mariano Escobedo 9991,304
405,Mexico City,Mariano Escobedo 9991,305
406,Mexico City,Mariano Escobedo 9991,306
407,Mexico City,Mariano Escobedo 9991,307
408,Mexico City,Mariano Escobedo 9991,308
409,Mexico City,Mariano Escobedo 9991,309
410,Mexico City,Mariano Escobedo 9991,310
411,Mexico City,Mariano Escobedo 9991,311
412,Mexico City,Mariano Escobedo 9991,312
413,Beijing,40-5-12 Laogianggen,313
414,Beijing,40-5-12 Laogianggen,314
415,Beijing,40-5-12 Laogianggen,315
416,Beijing,40-5-12 Laogianggen,316
417,Beijing,40-5-12 Laogianggen,317
418,Beijing,40-5-12 Laogianggen,318
419,Beijing,40-5-12 Laogianggen,319
420,Beijing,40-5-12 Laogianggen,320
421,Beijing,40-5-12 Laogianggen,321
422,Beijing,40-5-12 Laogianggen,322
423,Beijing,40-5-12 Laogianggen,323
424,Beijing,40-5-12 Laogianggen,324
425,Beijing,40-5-12 Laogianggen,325
426,Beijing,40-5-12 Laogianggen,326
427,Beijing,40-5-12 Laogianggen,327
428,Beijing,40-5-12 Laogianggen,328
429,Beijing,40-5-12 Laogianggen,329
430,Beijing,40-5-12 Laogianggen,330
431,Beijing,40-5-12 Laogianggen,331
432,Beijing,40-5-12 Laogianggen,332
433,Beijing,40-5-12 Laogianggen,333
434,Beijing,40-5-12 Laogianggen,334
435,Beijing,40-5-12 Laogianggen,335
436,Beijing,40-5-12 Laogianggen,336
437,Beijing,40-5-12 Laogianggen,337
438,Beijing,40-5-12 Laogianggen,338
439,Beijing,40-5-12 Laogianggen,339
440,Beijing,40-5-12 Laogianggen,340
441,Beijing,40-5-12 Laogianggen,341
442,Beijing,40-5-12 Laogianggen,342
443,Beijing,40-5-12 Laogianggen,343
444,Beijing,40-5-12 Laogianggen,344
445,Beijing,40-5-12 Laogianggen,345
446,Beijing,40-5-12 Laogianggen,346
447,Beijing,40-5-12 Laogianggen,347
448,Beijing,40-5-12 Laogianggen,348
449,Beijing,40-5-12 Laogianggen,349
450,Beijing,40-5-12 Laogianggen,350
451,Beijing,40-5-12 Laogianggen,351
452,Beijing,40-5-12 Laogianggen,352
453,Beijing,40-5-12 Laogianggen,353
454,Beijing,40-5-12 Laogianggen,354
455,Beijing,40-5-12 Laogianggen,355
456,Beijing,40-5-12 Laogianggen,356
457,Beijing,40-5-12 Laogianggen,357
458,Bombay,1298 Vileparle (E),358
459,Bombay,1298 Vileparle (E),359
460,Bombay,1298 Vileparle (E),360
461,Bombay,1298 Vileparle (E),361
462,Bombay,1298 Vileparle (E),362
463,Bombay,1298 Vileparle (E),363
464,Bombay,1298 Vileparle (E),364
465,Bombay,1298 Vileparle (E),365
466,Bombay,1298 Vileparle (E),366
467,Bombay,1298 Vileparle (E),367
468,Bombay,1298 Vileparle (E),368
469,Bombay,1298 Vileparle (E),369
470,Bombay,1298 Vileparle (E),370
471,Bombay,1298 Vileparle (E),371
472,Bombay,1298 Vileparle (E),372
473,Bombay,1298 Vileparle (E),373
474,Bombay,1298 Vileparle (E),374
475,Bombay,1298 Vileparle (E),375
476,Bombay,1298 Vileparle (E),376
477,Bombay,1298 Vileparle (E),377
478,Bombay,1298 Vileparle (E),378
479,Bombay,1298 Vileparle (E),379
480,Bombay,1298 Vileparle (E),380
481,Bombay,1298 Vileparle (E),381
482,Bombay,1298 Vileparle (E),382
483,Bombay,1298 Vileparle (E),383
484,Bombay,1298 Vileparle (E),384
485,Bombay,1298 Vileparle (E),385
486,Bombay,1298 Vileparle (E),386
487,Bombay,1298 Vileparle (E),387
488,Bombay,1298 Vileparle (E),388
489,Bombay,1298 Vileparle (E),389
490,Bombay,1298 Vileparle (E),390
491,Bombay,1298 Vileparle (E),391
492,Bombay,1298 Vileparle (E),392
493,Bombay,1298 Vileparle (E),393
494,Bombay,1298 Vileparle (E),394
495,Bombay,1298 Vileparle (E),395
496,Bombay,1298 Vileparle (E),396
497,Bombay,1298 Vileparle (E),397
498,Bombay,1298 Vileparle (E),398
499,Bombay,1298 Vileparle (E),399
500,Bombay,1298 Vileparle (E),400
